Autocorrelation,Contrast,Correlation,Correlation.1,Cluster Prominence,Cluster Shade,Dissimilarity,Energy,Entropy, Homogeneity,Homogeneity: [2],Maximum probability:,Sum of sqaures: Variance,Sum average,Sum variance,Sum entropy,Difference variance,Difference entropy ,Information measure of correlation1 ,Informaiton measure of correlation2,Inverse difference normalized,Inverse difference moment normalized,class
4.937604887543253,0.4238128364090734,0.8941213790077293,0.8941213790077304,231.24861395116048,32.252113273299905,0.2322327950788159,0.5184993080371005,1.4586991216441025,0.9074957280910732,0.9016473071013185,0.716356013912918,5.094305399741086,3.5488029844290656,12.96490367085357,1.2283232939673017,0.42381283640907347,0.5869633641911172,-0.5285008443185946,0.8052230162963462,0.9760921052267292,0.994057948590142,0
2.5517216935793927,0.25947958717800845,0.8719471820442226,0.8719471820442226,202.0270053856512,25.453599020667106,0.10998888648596691,0.8135689427569672,0.6448211118004473,0.9617019043549814,0.9582777124602936,0.9017078467416377,2.6413390010377618,2.5834641123606303,7.92791268608659,0.5498045239540513,0.25947958717800845,0.3153871897592089,-0.5382523316555828,0.6143952513339722,0.9892011447685288,0.9965500814123154,0
6.206039038470781,0.6186690515667053,0.8816093953064871,0.8816093953064871,290.4790833042147,38.49325874316294,0.28741748966743574,0.4650857591827589,1.6220992869274213,0.8932140562030572,0.8856809584129732,0.6766099727268359,6.453879982120757,3.9512142565359474,16.582751374395983,1.352757464228414,0.618669051566705,0.6634001589241054,-0.49526203764165766,0.8094466543413275,0.9712161107703835,0.9916786330877219,0
1.885596285082661,0.19423454921184158,0.8289615264197523,0.8289615264197514,82.50002835046439,12.126491543917936,0.09001450764129179,0.849844708744169,0.5249567565011509,0.9678217489967801,0.9647635119957081,0.9216959222414456,1.9457840753105775,2.379112000192234,5.820273057969978,0.4442268059590242,0.1942345492118416,0.2725368483152998,-0.5210132341118131,0.5555763949398878,0.9910319212264679,0.997319492305936,0
4.790394830113417,0.48103469819300265,0.8905986070410842,0.8905986070410837,343.3871026181387,44.83711003950654,0.21038005214340638,0.6294362124497694,1.1590048914352655,0.9252558615562236,0.9190976771514463,0.7914484963715878,4.978557767182394,3.36630736976163,14.007415051422681,0.9795335630596299,0.4810346981930027,0.5218079250414411,-0.5170514184999877,0.743680061747098,0.9792128951122248,0.993550454438841,0
5.581289077518263,0.48227670847750864,0.8965944733750626,0.8965944733750628,264.61065315622494,36.29023186245895,0.24463115148019993,0.5158499170885037,1.4513522493612054,0.9064114581187867,0.8997241021449942,0.714027357266436,5.764284175182022,3.7367934207996925,15.195340960382019,1.2165717418053934,0.4822767084775087,0.5999136824010702,-0.535712028838668,0.8081218395262094,0.9751577740403792,0.9933097989855088,0
2.0640574088091124,0.2048207119857747,0.8483012693478338,0.848301269347834,101.37997620136943,14.698015236902306,0.09287954152249132,0.8347240402747382,0.565776229958665,0.9668189916080814,0.9638967244358697,0.9133884653738946,2.1285463730145855,2.4425940743944636,6.335416125663333,0.48285182548951516,0.2048207119857747,0.2799598302753681,-0.5422742444837929,0.5857060418204376,0.9907741161847547,0.9972031770363909,0
1.6838614655420996,0.15839472798923487,0.8315107542211951,0.8315107542211948,93.6704860041564,11.93171642770944,0.06489400110534409,0.8969348036829319,0.38451552432187963,0.9779342162569685,0.9758712195707856,0.9470026101739716,1.7277663761008386,2.274342019896194,5.503942225031003,0.32942804437487155,0.1583947279892349,0.20298581675747854,-0.5268019540558495,0.48982288907841176,0.9936786969761756,0.9979003885790368,0
1.7559780342896962,0.16080272611495577,0.8494733934865107,0.84947339348651,119.45838787343794,14.607776271580082,0.06151723495770857,0.9112562991382901,0.33769272942307227,0.980037802414164,0.9779767994577262,0.9545468539744328,1.8009598377877496,2.282476811803152,5.947550999288697,0.28936379870991014,0.16080272611495577,0.1870161356811028,-0.5538966393515122,0.4768978070837646,0.9941005957990172,0.9978985385562982,0
2.1090074580690117,0.24004292219338713,0.837148690706067,0.837148690706066,127.0862622816501,17.236126877758597,0.10097123101691656,0.8465730719757111,0.5425820183894515,0.9655786814623724,0.9621292099876584,0.9199192017493272,2.1910988937548064,2.443146626297578,6.64893280856319,0.45775918383224623,0.24004292219338716,0.28908305635599274,-0.5165716863934109,0.5602480092021153,0.9901242209601135,0.9967757338893312,0
2.1394353283592853,0.20543339701076513,0.8651276830200786,0.8651276830200781,159.4138629392173,19.767164289028155,0.08794904603998459,0.8569081326613359,0.51654983144868,0.9697282408265595,0.9667657722374485,0.9255568020713186,2.204369252698782,2.433722546616686,6.8207795393128805,0.43858398458981895,0.2054333970107651,0.26100292748538345,-0.5520762455408585,0.5702064521535639,0.9913680044381188,0.9972256329050914,0
3.2813388630574782,0.42459435673779317,0.8410766894067784,0.8410766894067776,198.77322112760362,26.8067414635948,0.1960357795078816,0.6483595925016162,1.1259490601576485,0.9280905069493075,0.9225105176921675,0.8039799746491735,3.447972207954874,2.938110342176086,8.902758147818837,0.9418133515958462,0.4245943567377931,0.5044200787337375,-0.4739654541617655,0.7085796678934763,0.9804135147456858,0.9942607701768544,0
2.2215656688533256,0.18646316921376394,0.8847639481453871,0.8847639481453868,163.3118779415857,20.945704696348162,0.08085231641676276,0.8592323527123015,0.49420002616249525,0.9716463022785706,0.9690961183999693,0.9267730410178777,2.27669167770509,2.4543818483275666,7.165413037397325,0.42543096220568516,0.18646316921376394,0.2477523938270758,-0.5756067878228331,0.5733721231015377,0.9920319969362463,0.9974946461171625,0
1.7110106990099962,0.1631579200307574,0.8359221238217432,0.8359221238217425,106.38914201726655,13.147424469018087,0.06426296376393695,0.9023756798971488,0.37005074810604044,0.9785734079247506,0.9765018187229035,0.9498808751441753,1.7572645896785493,2.2764294381968475,5.666981200255082,0.3163567209304332,0.16315792003075738,0.19870946900752065,-0.5312937831281924,0.48426960521470586,0.9937883651515248,0.9978688326279184,0
3.8729051927143416,0.4493708549596309,0.8682925638228265,0.8682925638228265,260.4489473977234,35.098601793300475,0.20543114427143414,0.6655762180151717,1.0889153172304928,0.926055932192117,0.919481000926428,0.8147832113850442,4.04950313675179,3.093223940311419,11.1852988903312,0.899532060846513,0.44937085495963097,0.517164483562165,-0.502234557325219,0.7194668944286562,0.9795462347469269,0.9938884252118466,0
6.804437626153402,0.6132044766435987,0.8937391427502711,0.8937391427502702,329.6103046291206,42.006484284299304,0.295089448769704,0.45960633339356693,1.6393049998114955,0.8884435882783466,0.8807203635654711,0.6725620254229142,7.047041092593593,4.111546400422915,18.49334801671818,1.3606931546571672,0.6132044766435986,0.6780635112222907,-0.512298846806523,0.8214166587521462,0.9702515962160573,0.9917007923439929,0
1.5498026900711266,0.15241583765859282,0.8064652118797853,0.8064652118797839,83.78339266435916,10.297439231552492,0.056217860918877344,0.9167144364459543,0.3198968096486988,0.9819254593228224,0.9801998165097118,0.9574132845540178,1.5915637709204395,2.2202226307189545,5.204662939771637,0.2753828434785146,0.15241583765859285,0.17277025685633654,-0.511659226425118,0.44404026327386814,0.9946467644695909,0.9980364859082334,0
2.295592680699731,0.28318963860053825,0.8060933824129737,0.8060933824129742,74.01876039928891,12.139036103784091,0.1444764033064206,0.7126322940459876,0.8941361294089294,0.9447920624872702,0.9406688856920651,0.8431317431997309,2.3966011964298586,2.6131484284890423,6.094127856279465,0.753835678624968,0.28318963860053825,0.4100238164936013,-0.48820095677061703,0.6615387929320714,0.9853183132313936,0.9960635900211035,0
2.3853237636966553,0.21310205209534797,0.8761670671980232,0.8761670671980231,144.47725134543498,19.618780143518265,0.10328791810841984,0.8034548514504996,0.6604448993713338,0.9616997889612342,0.9585766030360471,0.8959982638888888,2.452201252034975,2.5547314133986925,7.179726702575445,0.5667843185993602,0.21310205209534794,0.3118568230932336,-0.55650695527202,0.6312064740828031,0.9896066786633124,0.9970551597619758,0
4.187838376465783,0.43050410298923486,0.8820467776123943,0.8820467776123941,260.55682197610906,35.75127186703726,0.2042079668877355,0.6338885290640763,1.1602565162245995,0.9246762204626542,0.9185288909955818,0.7946222606689735,4.3531524712175,3.211654231545559,11.897859194515998,0.9687440765170028,0.4305041029892349,0.5201874068379745,-0.5171525589744745,0.7438594426004822,0.9795136852483215,0.9941157199961346,0
1.771479719338716,0.17734951701268745,0.8197893412822908,0.819789341282291,65.81724375209492,10.100616491441185,0.08340497044405995,0.8585484397991864,0.49274592956819674,0.9699077358782566,0.9671310327615442,0.9264154411764706,1.8238451754208118,2.339420355151865,5.478571658278166,0.41896840660094875,0.17734951701268742,0.2583487415484059,-0.5105667977918438,0.534965393471934,0.9916661954773168,0.9975457872184945,0
2.259159953503461,0.23268253195886202,0.8554222906243435,0.8554222906243436,141.84653748339736,18.81844221533325,0.10372951509034985,0.8146637760789561,0.6376909256657298,0.9628741155316294,0.9597513952112888,0.9023259533592849,2.3365768884338363,2.506782187139562,6.843350321108811,0.5426164419985245,0.23268253195886196,0.3066086288027892,-0.5413923928249993,0.6137292917464537,0.9897142839629054,0.9968645482926779,0
2.721849739282969,0.2601480199923107,0.8664906705394926,0.8664906705394931,113.67956784810178,17.849345250061702,0.13920745626682043,0.7126648959333679,0.8977447177696707,0.9457440893483617,0.9418260999593432,0.8431473321559015,2.809343558329428,2.740757220780469,7.535057704561246,0.7661218422078777,0.26014801999231063,0.40251026829385345,-0.5297161792251955,0.6894527927588163,0.9857451756914164,0.9963359863826632,0
2.513331185721838,0.20097747861399465,0.8971239313521931,0.897123931352193,191.81946425787388,24.73888510346641,0.09011365820838138,0.8306594664366702,0.5751785263882172,0.967656182131758,0.9650033030490378,0.9111136642156863,2.574077797977341,2.5591211312956554,7.95321607693408,0.49805805463881947,0.2009774786139946,0.27478045196835155,-0.5860106211960946,0.6155521629360191,0.9910565087699423,0.9972823532605334,0
1.5326679642445218,0.12915849673202612,0.8095944443178624,0.809594444317861,43.41965002269014,6.830408956439545,0.06073985966935794,0.8883613381289127,0.39465359898947794,0.9778947339965398,0.9760220253877389,0.9424248636341791,1.5624387217356306,2.2433684159938485,4.849168217605246,0.3402138344507591,0.12915849673202615,0.20185527527444302,-0.530593109062885,0.4974009162899573,0.9939256113475947,0.9982197005896092,0
2.5151417573769703,0.26467557549980775,0.8635416137430921,0.8635416137430914,180.5538388700709,23.2827605787651,0.11408040176855055,0.7946108884216467,0.7016103131066678,0.9592952885709023,0.9560576386302154,0.8910865262158785,2.607243862599421,2.5907086817570164,7.5877234273667025,0.5971705522762651,0.2646755754998078,0.3295628547660975,-0.5448321398199383,0.6385894115738413,0.9887384459292711,0.9965067962080987,0
3.3020810355392154,0.47099646169742404,0.8226275310508973,0.8226275310508974,175.435326113424,24.80171672840317,0.20219026336024604,0.6220488046030658,1.1822552060456897,0.927935620893578,0.9223495707170526,0.7868588253316031,3.491365279242059,2.9733201773356397,8.770743847196107,0.9903993235281887,0.47099646169742404,0.5081726440118459,-0.4946200800882229,0.7342849438885845,0.9800579194847054,0.9937828255839771,0
1.8067908226403309,0.17512095708381387,0.8325658833546552,0.8325658833546543,77.39664337882928,11.372392587165157,0.07960510981353323,0.8672668419094749,0.4682762204384766,0.9717484311279658,0.9690588892317832,0.9311279766195694,1.857997871349061,2.3422445093233373,5.6929918707637945,0.3988516901101642,0.17512095708381392,0.2463123910967212,-0.5277686863476276,0.5337096738583589,0.9920949438813299,0.9975998451278872,0
3.1460403150230687,0.3516269583813918,0.8685245044591774,0.8685245044591767,233.6843177431959,30.468717779839256,0.15169099625144172,0.7411588417424746,0.8593271071106654,0.946586813511659,0.9420080892560291,0.8603001850249904,3.2780701720792482,2.8177768166089967,9.374047099979503,0.7253981522810465,0.3516269583813918,0.40708908755191436,-0.5239028384671174,0.6752483175992521,0.9850535634048287,0.9953018674988796,0
3.3819170661524423,0.3715525579104191,0.8667968207763823,0.8667968207763828,196.13272765672264,27.660659213743195,0.1801920835736255,0.6867891035225676,1.0099765996715122,0.933499578773503,0.9277337346531102,0.8277186358612072,3.5218678710186584,2.9484553416955013,9.64990073103529,0.8403722545798331,0.3715525579104191,0.47443948827529286,-0.5177713334206359,0.7107975473826322,0.9818744409362292,0.9948557327829675,0
2.857032992118416,0.2764945573817762,0.8879402517522428,0.887940251752242,290.26500601453637,33.75278169706183,0.10975859645328717,0.8156280445428815,0.639260446339204,0.962772871615456,0.9595409334002071,0.9028481233179547,2.9540440472489546,2.6547433078623612,9.093971533569189,0.5483311158681614,0.27649455738177625,0.30959354766213676,-0.5678498199132445,0.6303231905847995,0.9893574248020526,0.9964053900461046,0
2.0511213535659363,0.18169988706266815,0.871695793600294,0.8716957936002947,142.58291150412686,18.347477255279212,0.07590827446174546,0.8750408676018345,0.4451346104645956,0.9741100660903658,0.9716168826648715,0.9352992388744713,2.1047923969296662,2.3950746107266436,6.692984936299301,0.38431730904208883,0.1816998870626682,0.23073532990029338,-0.5533867234247043,0.5369271926761113,0.9925832835618554,0.9975667976017419,0
5.611530360918878,0.5079308439061899,0.8897596542721086,0.8897596542721093,255.17755238132966,34.785359978943916,0.2651838836024607,0.4868588072457086,1.5561687242323492,0.8971656964511701,0.8899905465092024,0.6933676050076893,5.8067596841509275,3.774735318146867,14.854605879221827,1.2949838242312293,0.50793084390619,0.6377263781527887,-0.5204064719546162,0.8150508157505509,0.9729356661143175,0.9929158823123261,0
3.92394891688293,0.3486033917243368,0.8826510502574585,0.8826510502574576,156.25356731189424,23.690105043663152,0.19776426134179165,0.5511626503085831,1.3378594013404033,0.9193098872335903,0.9148908925907198,0.7390794556180315,4.047977383623486,3.23311166378316,9.977329154938406,1.13885702591016,0.3486033917243368,0.5277004673875543,-0.5368109357997165,0.7901529007560124,0.9795035520775682,0.9951188652225167,0
3.4528689686658973,0.38697255863129565,0.8605259044852706,0.8605259044852704,175.94620920498238,25.610296420458237,0.19651363057477889,0.6484674264414056,1.1162658635470737,0.9257721645413677,0.9196178832542674,0.8039395004325258,3.599626600946751,3.006258410226836,9.485515560014695,0.9266875211452549,0.3869725586312956,0.5118600189562065,-0.5001002504726527,0.7241512450660164,0.9800679008768237,0.9945933622168752,0
1.5002888462370245,0.09906198937908495,0.8566686667313718,0.8566686667313701,67.96077084940065,8.949487504843704,0.039946414840445976,0.9345865897189509,0.24879702729679537,0.986618534816909,0.9853482056970808,0.9667035965734332,1.5157691903354478,2.1948666378316033,5.186307915227555,0.2191362284629026,0.09906198937908497,0.13435569120386326,-0.5800397604788574,0.42855840970443104,0.9961260244611959,0.9986836845911431,0
3.083022560433488,0.3546889717896962,0.8511061918915073,0.8511061918915072,140.63643695923787,21.499532675490876,0.1636835592079969,0.6828133603126268,0.9873536106786193,0.9397815638995591,0.9352686017015573,0.8249360972943098,3.2156548300233085,2.8772068435217224,8.573609483487024,0.836355970676875,0.3546889717896963,0.44136497970243693,-0.5221831927686701,0.7079421869242989,0.9836418954402932,0.9952137570472471,0
1.8130506746203388,0.17702899726066898,0.8362637669071997,0.8362637669071998,95.16091259130721,12.814748322470667,0.076935193194925,0.8741414132557117,0.4550276743491576,0.9731689508191961,0.9706309968704503,0.9348462730680507,1.865350840684773,2.3333422842176086,5.769186546337043,0.3879874067550768,0.17702899726066895,0.23720318687669817,-0.5250649416926088,0.5257140739846031,0.9924204327637234,0.9976112904664558,0
2.344216452205883,0.2713113646193771,0.8411702228363596,0.8411702228363596,130.904029057518,18.555837818163944,0.12135828167051133,0.8015943550382967,0.6732811140289537,0.9572714340638215,0.9532084987693082,0.8949917850105729,2.4402676657941056,2.5503109981737793,7.075042319408239,0.5676751393936678,0.27131136461937716,0.341006183198494,-0.5094208853780976,0.6063572384495588,0.987986770194608,0.9962929724953193,0
2.395646010548827,0.21612519824106113,0.8682492889113563,0.8682492889113558,107.70761961947306,16.292921078780964,0.11195934256055363,0.7701213031756575,0.742461332804837,0.9569510838393772,0.9537917802122227,0.876996617887351,2.463403378508266,2.5951597943098803,6.908199440104291,0.6344690145856934,0.21612519824106113,0.33926944669572495,-0.5671845345261335,0.6663406177790515,0.988596102257948,0.9969782344046109,0
4.081557438845636,0.22837577494232988,0.9291742238167768,0.9291742238167773,184.2146627337223,28.04460567349374,0.14907923034409842,0.6175723714198378,1.122181181829582,0.9364498007076605,0.9331822320964916,0.7831631764225299,4.145757006770232,3.214877450980392,11.239080067310786,0.9743642943044523,0.22837577494232988,0.4383095354427541,-0.6080800609156439,0.7902436844501926,0.9842584453324612,0.9966680556863992,1
1.9940356323289123,0.13670568411188003,0.8943391868731708,0.89433918687317,130.4194560865194,16.76185716444227,0.06025744305074969,0.8715289925085924,0.4492937594220132,0.9782334833085604,0.976685825342729,0.9334081242791235,2.0254508360291115,2.3796338547673974,6.382349831920734,0.3966722152749227,0.13670568411188005,0.19979528857103596,-0.6186731952287058,0.5753662290062052,0.9940294058604234,0.9981737883070214,1
4.123309183967705,0.30898019992310655,0.922263611255699,0.922263611255699,483.04029040302567,54.56676993214624,0.13624801758938865,0.7425165638436941,0.8576633714668046,0.9506163664480294,0.9469135420494239,0.8610885536812765,4.2307435184934885,3.027193987889274,12.900863817043476,0.733172280736174,0.30898019992310655,0.38102393339494606,-0.5959932574839526,0.7188332942614919,0.9864845897146395,0.9959061708627868,1
4.516132286860824,0.32026732506728184,0.9218737778412311,0.9218737778412309,401.55871663808875,48.03723123652349,0.17091323048827373,0.6467028920782167,1.137061013132295,0.9329746559494919,0.9283661470595523,0.8029427533881199,4.625858899108817,3.2416762182814303,13.0313169821305,0.971225612502177,0.3202673250672817,0.47003964468754117,-0.5656883486190633,0.7690513974253019,0.9824870166881504,0.9955261973716971,1
3.076799473159362,0.21828380310457518,0.9110176594678445,0.9110176594678433,204.89322474215356,27.5076119609911,0.12517382136678198,0.7382746558749915,0.8527718236810948,0.9497334086642214,0.9462950181561661,0.8585639988225682,3.1424393046319326,2.7997574851018836,8.98162684083888,0.7273723750070895,0.21828380310457518,0.377198169697981,-0.5988371299334896,0.7191921490177051,0.9870392886181164,0.9968837082624357,1
3.1143094903402537,0.28167802047289514,0.8901017489231845,0.8901017489231844,236.9858014700321,30.068140674485853,0.13673620122068436,0.7252892576721172,0.9039643552240753,0.948069575174841,0.9444718294054595,0.8509882467079969,3.211487667753989,2.809918300653595,9.00036474001145,0.7710315238373151,0.28167802047289503,0.3926551094248958,-0.5607013549792856,0.7106490404372421,0.9861911045079568,0.9961876691450372,1
1.2745611213235297,0.06169318891772395,0.8343752096533135,0.8343752096533155,29.562609796981903,4.324213363305887,0.02514591743560169,0.9559440608467576,0.17134527834394767,0.9916155342396356,0.9908039991878994,0.9777052696078431,1.2725916733497935,2.115851715686275,4.535614930386755,0.1530734566541555,0.061693188917723955,0.09023138504470643,-0.5940129206857945,0.36699027657076483,0.9975601982570246,0.9991691752056753,1
1.6914841196895427,0.05495599649173394,0.9405167564206656,0.9405167564206662,121.56703640408206,14.108996296847637,0.029061028210303732,0.9263335686448709,0.2751923546429456,0.9884939342669259,0.9878168961441705,0.9624143358323721,1.6841680164329826,2.2424474961553247,5.768049134040014,0.24852596439078162,0.05495599649173394,0.11823432700324049,-0.6941987020731577,0.5035681740011817,0.9970218824765575,0.9992409458501564,1
2.430821363778355,0.17576578118992697,0.9034837208179826,0.9034837208179817,181.00219007911625,23.11709452545026,0.08566095371972315,0.8283827702191732,0.5904888555733918,0.9675384566203933,0.9651838086755661,0.9099016153642829,2.479316585530505,2.536435805940023,7.575376639671827,0.5091686488988725,0.17576578118992695,0.27401616341603263,-0.6059289888875452,0.6334231968834715,0.9913464832767115,0.997614998363133,1
2.6034288044261826,0.19612537846020758,0.9117493948444726,0.9117493948444724,335.02982312758405,35.46849045832144,0.07198616517685504,0.8662167611719978,0.48101224041096957,0.9758236415481226,0.9740027832022777,0.9305650771337948,2.662323022920872,2.522407127066513,8.66619628226843,0.42029341494201994,0.1961253784602076,0.2192243236657136,-0.6308498241988891,0.5981807151131018,0.9931054375617256,0.9975672343004331,1
1.6820676542675894,0.04395112456747404,0.9475970274077474,0.9475970274077476,70.6411768865174,10.273655944341787,0.02858660130718954,0.9074834052272984,0.3126755620595052,0.9877194801378477,0.9871811767543721,0.9524796802912341,1.6688653984495145,2.267005358515955,5.554173112367734,0.28679037806086466,0.04395112456747405,0.12295333560488626,-0.7187666508354187,0.5437556098210208,0.9969798707676086,0.9993634362552856,1
2.7933986027008846,0.4129418372741254,0.8074966418641405,0.8074966418641408,136.3928394545195,20.086412216578903,0.18526495218185315,0.6897882854366711,0.9941004478830686,0.9341071729115462,0.9282826038518359,0.8296036230055748,2.956726705924404,2.7767651864667435,7.666682774093315,0.8298651344249013,0.4129418372741253,0.47484638273887736,-0.44514889350690456,0.6575353842755809,0.9816321579948315,0.9943809440392826,1
2.778655820477701,0.14061127330834294,0.942623820644038,0.9426238206440377,402.0981140345298,41.47169532749418,0.062051674836601296,0.8714398758955539,0.4550783303725957,0.9771576509535598,0.9755942476820312,0.9333514003027681,2.8093824096351168,2.548684039792388,9.374170160887196,0.4004946103797742,0.14061127330834294,0.2077068814644193,-0.6674653233442099,0.6048540801057933,0.9938289413399888,0.998164779342678,1
1.6169974589100347,0.05553843473663975,0.9328290668475941,0.932829066847594,105.2726437615107,12.413742354092351,0.02914486014994233,0.9323669418903942,0.255632827182512,0.988647719877371,0.9878781526390389,0.965553047505767,1.610332309087851,2.2194245001922335,5.555285411833181,0.23005354346061876,0.05553843473663976,0.11698852330610858,-0.6725668450105862,0.4776166663964815,0.9970222038903735,0.9992257030827078,1
3.5216324250288356,0.2261463739907728,0.9275260570836772,0.9275260570836774,323.71686171556223,39.84873005645528,0.11363381872356784,0.7546500142785456,0.8023002362889656,0.9561638570895066,0.9532611893221505,0.8680609320934256,3.589935358583537,2.880921220203768,10.794524019215345,0.694247716571495,0.22614637399077275,0.3437705718926687,-0.6123743253873402,0.7120008644771287,0.9884568921979628,0.9969102292986348,1
2.8317113610149947,0.2674929113802384,0.8788040430277586,0.8788040430277587,169.7474324956355,23.700765994809196,0.1285887339004229,0.7508351662976729,0.8080893170747812,0.9523519074551797,0.9485833291883884,0.8658338439542483,2.92305749291138,2.729245722798923,8.296293966709499,0.6919228259276246,0.26749291138023834,0.36922336554215296,-0.5465925161608522,0.6744291024973513,0.9870758089325798,0.9963157549363552,1
2.0171657535563248,0.10287785947712419,0.9189375943264122,0.9189375943264121,127.30940663972544,16.26414837680082,0.059205804257977696,0.8595945851298656,0.4877529721976065,0.9760695217884949,0.9745448421389005,0.9269699304354095,2.0314238645442857,2.395197400038447,6.302410264227017,0.42851664391968775,0.10287785947712419,0.21260764693819517,-0.6486183796412792,0.6112853226600672,0.993863185626729,0.9985342010633881,1
1.67333351355248,0.1261907679738562,0.8567660787941358,0.8567660787941348,74.14611199419193,10.374422416064508,0.057094627066512874,0.8955668946740514,0.3763355248207492,0.9797380659882418,0.9779038459635695,0.9462547007160708,1.7010966335063438,2.276889898116109,5.435948402468606,0.32737191017887096,0.1261907679738562,0.188244118147823,-0.5639870347125568,0.5055475831182068,0.9943358268549662,0.9982690861298007,1
1.4657463175221073,0.0544134467512495,0.9180839703576251,0.9180839703576247,108.01592072251056,11.26402005424386,0.02199190215301807,0.9570675087832198,0.175746851958068,0.992296966414732,0.9917360478834374,0.9782849745290273,1.4595264094263627,2.154929414167628,5.262958779195184,0.15761182925592185,0.054413446751249525,0.08522741563815861,-0.6753613658693517,0.4049609922081666,0.9978532900375819,0.9992997041039732,1
1.9628285395040372,0.08121143310265283,0.9357047268271632,0.9357047268271617,147.49622627550147,18.056113005778784,0.04251700067281815,0.8979026538697384,0.3624909594331003,0.9833520977937744,0.9823035200129514,0.9474720960688198,1.967073631535948,2.3427049692425994,6.519571058672659,0.3239665634972561,0.08121143310265283,0.1598325247687744,-0.6742576910903872,0.5551806161556143,0.9956544862565534,0.9988729618798257,1
1.745770797289504,0.0657338523644752,0.9357608306204703,0.9357608306204691,143.3474047288123,16.19283167353716,0.030864000624759705,0.9316454086182838,0.2569211835868783,0.9883011054656748,0.9875769436334103,0.965173310745867,1.7437045247020377,2.2513497212610534,6.063905914843276,0.23054274110765532,0.06573385236447521,0.12033958563984302,-0.6899457402766306,0.4868488527999491,0.9968964336824054,0.9991252827239303,1
3.973953031886775,0.2557476391291811,0.9254440484022625,0.9254440484022626,311.9380377473728,39.18622467429361,0.13956969675124953,0.6669427628491635,1.0513658373336066,0.9440184286950074,0.9407651975482633,0.8153912557670127,4.0537892511669185,3.0900314182045365,11.33920382243756,0.9138150195268808,0.2557476391291811,0.4089116456348836,-0.599514448759806,0.7700816386559971,0.9856232247720588,0.9964478656910383,1
1.8583884954104195,0.05200304570357555,0.9539559093137151,0.953955909313715,145.48468668770198,17.123156246376645,0.03253123798539023,0.9115286730055474,0.3190498245813948,0.9863451244212963,0.9856085118644541,0.9546631553969627,1.848732554411164,2.297702686466743,6.240733345287927,0.28906954299432197,0.05200304570357554,0.1347322883369409,-0.6986754780188258,0.5384420477946978,0.9965848370126232,0.9992483425565146,1
2.0968075830209534,0.09824733876393693,0.9345116451556414,0.9345116451556416,219.1433053686876,24.056661309333492,0.04591022683583237,0.9017848100355708,0.3606337561592673,0.982880034085734,0.981664275842413,0.9495403660851596,2.1092521431060174,2.3630879950019223,7.079664227527017,0.31898332331141965,0.09824733876393696,0.164519870681407,-0.6615910348913863,0.5474412174410903,0.9953959812187897,0.9986799562417324,1
1.8261916991061133,0.18086102700884274,0.8390481946113545,0.8390481946113546,110.82534597345557,14.177312598325404,0.07240790801614762,0.8799123410048022,0.43694361263729253,0.9755746489159388,0.9733645864690039,0.9379390889321415,1.8804908587592515,2.3280316464821222,5.87611278917628,0.3760661215235524,0.18086102700884277,0.2206405792576102,-0.5306182620087373,0.5197164213773511,0.9929777388795287,0.9976212289265776,1
1.7816448301134178,0.07557928440984236,0.9287349725992602,0.9287349725992607,143.81477185822376,16.376946194834193,0.03675136966551326,0.9180787122823559,0.3066808518486302,0.9858641245075441,0.9849946324070413,0.9581127000432526,1.7841952595606259,2.270934616493656,6.035667391356162,0.2732739860286854,0.07557928440984238,0.14054424257690257,-0.6557812487327676,0.5084429757543079,0.9962813578837675,0.998986935020609,1
2.8628024527825833,0.19530339893310267,0.9139636546719184,0.9139636546719185,221.96568562550902,28.0428200001137,0.10638795775663204,0.7615579651032651,0.7869312075800093,0.9573508518501354,0.9548193549361893,0.8721778732939254,2.91847303884023,2.7024162581699347,8.42232782598716,0.6828000924674794,0.19530339893310264,0.33351781097814365,-0.594071576931628,0.6966783815427682,0.9890430438114712,0.9972916648120125,1
1.2511816969434835,0.04619785659361784,0.8506506658216981,0.850650665821695,19.71026686395027,3.1698511103093274,0.024394764033064207,0.9438573085309708,0.2096173240408644,0.9905398374423295,0.9898451420895031,0.9714887152777778,1.2414578677672052,2.116281478277586,4.293569595996327,0.18721939098466944,0.04619785659361783,0.1004545222325633,-0.6116288614229051,0.4104118897906053,0.9975069744342918,0.9993521402066563,1
3.1638044712370244,0.3746384503556325,0.8580708420358565,0.8580708420358564,236.47862290836053,29.728393767571866,0.16550653594771242,0.7017507005420051,0.9837031381811895,0.9397357949051763,0.9351845944939315,0.8369511125528644,3.3068254143914,2.8507150495001925,8.997936629557419,0.8271981229698292,0.3746384503556324,0.44363529693587345,-0.5182446344571191,0.7048808367476407,0.9835606514057891,0.9950707711733093,1
2.895603058318916,0.2022399738081507,0.9153551030536701,0.9153551030536697,264.22315567402796,31.628195341874118,0.08901987817185697,0.7905434180697927,0.6932671800064661,0.9667933287413208,0.9649003347911344,0.8886895064398308,2.955012931662401,2.6850722678777394,8.870719000872647,0.6124755603186435,0.20223997380815073,0.2772701067330124,-0.6421620264052282,0.6931510366753175,0.9911373897452509,0.9973813975043465,1
1.7018069372356788,0.12342470444059975,0.8673374101948648,0.8673374101948651,92.51060138904185,11.874566330978356,0.055965824442522114,0.8966559066961692,0.3806858776262028,0.9796717573569462,0.9780556118906606,0.9468459546808919,1.7281539298662174,2.279008013744714,5.535075929166726,0.3300891392406651,0.12342470444059976,0.1895443621227169,-0.5789626666225598,0.516186417284043,0.9944278309183876,0.9983378124907649,1
2.154233497933487,0.1081801470588235,0.9230930717786446,0.923093071778645,117.92691759517551,16.669559192566982,0.06256797265474817,0.8380327339794741,0.531156501620158,0.9746259669257817,0.9730799722054778,0.9151160010572856,2.170228068268514,2.4537372044406,6.622443668118077,0.4743132972721459,0.10818014705882353,0.22247474214945528,-0.6270195914375831,0.6197195703625167,0.9935096703232156,0.9984560409790313,1
2.0548333423442906,0.07518493488081507,0.9443690652036474,0.9443690652036469,143.69925477687804,18.464005079353974,0.043146746443675506,0.885585827600079,0.391078949198002,0.9824211824793235,0.9814297357678168,0.9408875042051135,2.055472343119233,2.3806468665897733,6.743540968280152,0.3517327582531542,0.07518493488081507,0.1660861891901636,-0.6861589394957225,0.5789734107538227,0.9955250222722378,0.9989359377098671,1
1.3351670030757405,0.06548094482891195,0.8533287030443761,0.8533287030443756,41.5703760293142,5.548097372469371,0.030136245674740485,0.9416753077435864,0.22767308897814123,0.9889724796066302,0.9880980815790502,0.9703762675413302,1.3347163500816994,2.1398570261437904,4.590887620422852,0.19982575118744578,0.06548094482891195,0.11456574277061418,-0.6066829886289863,0.4238647916197007,0.996990954888257,0.9991154586711162,1
2.623448883842753,0.2263821006343714,0.8909897364546129,0.8909897364546129,228.99683636320185,27.330416702694993,0.09464508842752785,0.795433017831447,0.6894699866276796,0.9660333248265605,0.963778427141355,0.8915057459871203,2.696156274780132,2.606579200307574,7.944548603615904,0.6019347125460945,0.22638210063437142,0.28459896323802764,-0.6147106858660466,0.6762518170920054,0.9906901196083542,0.9970716224014087,1
1.9896939728710112,0.12319483491926181,0.9075826250505139,0.9075826250505139,163.92768004909863,19.32755030841031,0.05345648308342946,0.8909637847249348,0.39320999805285367,0.9808488323944775,0.9794327086292393,0.9438108089436754,2.0147590526330017,2.3536946126489813,6.564333565865332,0.3481476063296972,0.12319483491926181,0.1803977219976032,-0.6205958632402309,0.5455969618452561,0.9947188275108366,0.9983626419878509,1
3.0835653805026912,0.17190584751057286,0.9321204946488025,0.9321204946488029,240.4312808873019,31.113136805093667,0.09958934063821603,0.7732290449845804,0.7395989227859583,0.9596231560792209,0.9570881192037037,0.8788016177672049,3.1266474479842485,2.759359801518647,9.372005995039475,0.6427836163444072,0.17190584751057286,0.3192554205125186,-0.6300295743018,0.7023750819472385,0.9896667051226865,0.9975473528426513,1
2.504243545150904,0.1261091587370242,0.9387836505937398,0.9387836505937399,326.5303428673288,34.184030748259524,0.0591026588331411,0.8779581221036408,0.4436238850159858,0.9779281802385986,0.9763231596830501,0.936881608035371,2.528793003855188,2.479952722510573,8.367766325306704,0.38834025557239027,0.12610915873702422,0.20198276783346275,-0.657526692062268,0.5935357982358085,0.9940685219954072,0.9983081292920839,1
2.261551912125144,0.2084979034505959,0.8666622993024596,0.8666622993024593,120.37991324453185,17.18316537361749,0.09718494689542484,0.8085103718454958,0.638164202704625,0.96425573286402,0.9615917029463947,0.8988342374327182,2.3267124939551493,2.517280673298731,6.787681182817607,0.5501408556614753,0.20849790345059588,0.295561405757615,-0.568981315574167,0.6304825379656339,0.9902797099108014,0.9971584940045115,1
1.5513046814926956,0.17037812980584388,0.7589592565954528,0.7589592565954537,38.980445423518034,6.459144955816068,0.08018838908112264,0.8680622092698558,0.4522684694026592,0.9713597537105121,0.9685738722222874,0.9315405583189158,1.6013384716440193,2.265562584102268,4.765256759246265,0.38877299568341034,0.17037812980584388,0.24688707098900226,-0.4357146294743042,0.47074680339050246,0.9919983753997774,0.997620657066029,1
8.372510257473087,0.44275876465782393,0.9251009472121877,0.9251009472121873,255.8594792496939,27.115212209274056,0.3040442377931565,0.31578081048498996,1.9872200280068566,0.8681176638292162,0.8616398067697376,0.548195210375817,8.51992910535461,4.749099204632834,20.812078657227794,1.6777457142415084,0.4427587646578239,0.7032754060540999,-0.5608548331795847,0.8870255189433075,0.9676820058949258,0.9934718507828011,2
10.460629370314301,0.27522320141291806,0.955780350855355,0.9557803508553546,182.1288771002957,5.9240397430329566,0.2309268670703576,0.27850772466566487,1.7837992583784117,0.891451541824859,0.8889470692697159,0.47701603650038443,10.512981901304485,5.472205461841599,27.3839197210307,1.5720466521546705,0.2752232014129181,0.5802331457152088,-0.6031122671607988,0.8858955287638495,0.9748219118550723,0.9958400994075516,2
8.456982816104382,0.4024047541810842,0.9266250851874914,0.9266250851874911,194.58134183501315,18.978737087160646,0.295895388792772,0.2727380237318261,2.0557039232859395,0.867828365649773,0.8625637281823532,0.5011935313341023,8.58241879250168,4.864674644367552,20.216485752754515,1.7580324194037216,0.40240475418108423,0.6876744971589603,-0.5625261804644923,0.8939973712834558,0.9682553298700666,0.9940171032857634,2
9.186614643406383,0.4217846501345636,0.9252226490319961,0.9252226490319966,170.29335456330034,11.796908919179469,0.31050109933679354,0.2584007691139839,2.0407958686044863,0.8614522732142287,0.8557856769759626,0.47923726751730106,9.318132538228985,5.129270112456748,22.424199410887994,1.7284840334279956,0.4217846501345636,0.7064138814773689,-0.5458338970626826,0.8849003702430989,0.9666897585996042,0.9937188888435156,2
9.096118019511726,0.4363223279507882,0.9293284122310124,0.9293284122310117,248.65179233236972,23.881550442752047,0.3051981209150328,0.2762248581783614,2.0888010608152823,0.8663223314550493,0.8603088778126146,0.5066806186322569,9.236538560890041,4.991024846212994,22.224720583727738,1.7794390352025868,0.4363223279507881,0.7027354427749846,-0.5570339619292538,0.8942048273588026,0.9674707232899636,0.9935588865236479,2
10.964032583621684,0.39930633650519026,0.9408247877594362,0.9408247877594355,252.74366688056637,13.818193969843536,0.299232326509035,0.22833739608260054,2.1772407544506422,0.8650621300501409,0.8602756406994524,0.4458925203046905,11.076710509667254,5.582040501249519,26.824197221996307,1.876912349225778,0.3993063365051903,0.6886715131994865,-0.5664696120950979,0.9056651087869839,0.9678130291492733,0.9940551332175953,2
7.639327301999231,0.28155333886005385,0.9428496897913897,0.9428496897913894,137.50461029639376,14.544877543444517,0.2192840193675509,0.3440134159519464,1.672912945387989,0.899346581693339,0.8964724500241161,0.5574281376153403,7.713375039986123,4.61175767733564,19.501713583008925,1.460381564860488,0.28155333886005385,0.5681761726853574,-0.6066048014251595,0.8758403031785214,0.9762909926302553,0.9957980764109087,2
8.023940326436946,0.2589160118704345,0.9541624531543379,0.9541624531543382,194.2293756797685,22.49359010590574,0.19797364595347944,0.3792849065725311,1.585995516004549,0.9098157051474591,0.9070000616360353,0.5941300671616686,8.08149979500072,4.617131391772395,21.407028816778602,1.3968399809650098,0.2589160118704344,0.5333070095761431,-0.6244559536553071,0.8731921459410447,0.978645008878582,0.9961433304548568,2
8.26071823337178,0.29174331987697044,0.9444056203482891,0.9444056203482889,185.42319326527604,17.819758074150144,0.22897464316608993,0.2937083370446567,1.8953382240128098,0.894779024293541,0.8917144969640548,0.5151188395088427,8.33168493638264,4.809542243367936,20.058342265691657,1.670205322917697,0.2917433198769704,0.5839224800306644,-0.610533428854726,0.9001910534050648,0.9752252706750618,0.9956345617836703,2
8.004524356617646,0.34974922505767014,0.9279854276461488,0.927985427646149,168.88696959664708,16.071982235178826,0.2644715073529412,0.26306898862254136,2.012676874873892,0.8804488650699251,0.8762036763808863,0.4808684159938485,8.104700259891027,4.796342392349096,18.667684898666657,1.745971613676065,0.3497492250576701,0.6399773437364031,-0.5906387023433574,0.9022250384811452,0.9715229429335723,0.9947827388049718,2
4.60248053633218,0.2748096885813148,0.8818237851937994,0.8818237851937988,38.152596630933076,5.857353930491824,0.22588214268550558,0.31792170290158656,1.6920866570436754,0.8945990489435153,0.8919272730934934,0.5276621822135716,4.682211039248726,3.7827391808439064,9.693653353721242,1.4766510981995877,0.27480968858131494,0.5759959091238662,-0.5739784660727353,0.8622450520622122,0.9754302382606341,0.9958571272763758,2
8.818870236207228,0.29178884022971935,0.9451691068513548,0.9451691068513547,146.25814677773903,9.57538980616437,0.22839143898981162,0.29695761437434737,1.7731286316264963,0.8948900613145583,0.8920384794856244,0.5041675677623991,8.886289963126409,5.021579966238946,22.35384967224224,1.557064428643275,0.29178884022971935,0.5817762051059265,-0.5977247494985105,0.8825544225999654,0.9752895472596308,0.995644265465564,2
7.4547852088139175,0.23263101931949248,0.9483199905894046,0.9483199905894045,105.92946945814752,9.91014034428445,0.19407430435409462,0.34315193968080615,1.5919154535720965,0.9088208183651318,0.9067870134246138,0.5393507154700116,7.499262616466623,4.613263528450596,19.009458670006012,1.4132809423065673,0.2326310193194925,0.5230324954772614,-0.6250580253601095,0.874311228417056,0.97885016677716,0.9964911061646684,2
10.242285268886967,0.472288062283737,0.9215544774411177,0.9215544774411182,215.79044347117937,12.063480381894639,0.3349651576316802,0.2080134337316385,2.270148252926473,0.8520476392507572,0.8459569483832439,0.4233831639273356,10.393273833794396,5.46557483900423,24.08344267437764,1.9279834083328078,0.47228806228373704,0.7399113833905675,-0.5410906712853469,0.9018604900826045,0.9642199320354238,0.9930310791555397,2
9.320020950475776,0.3389264645809304,0.9402290861848581,0.9402290861848576,180.95498971623476,12.966905331358955,0.2607730800653595,0.2515082538466598,2.0370557786213546,0.8811785626321605,0.8773368846970404,0.4666167009083045,9.409115581109127,5.1592155060553635,22.43280664277781,1.7781913170079506,0.33892646458093045,0.6331301300511222,-0.581038611948155,0.900297551314177,0.9718562563149052,0.9949379790700077,2
11.690205014297387,0.40118599216647444,0.9430794855897826,0.9430794855897829,245.15142062083672,7.478239985534386,0.30532986111111116,0.23873057758745372,2.0834988584811667,0.8616237987893278,0.8568277211922277,0.44804146842560555,11.800650870833934,5.785041930988081,29.70905654740025,1.7833225673481712,0.40118599216647444,0.695393017243831,-0.5550016385906011,0.8929851115516567,0.967096705145905,0.9940105174102805,2
12.297637206843522,0.3101507833525567,0.9646126618823886,0.9646126618823884,388.24042088676725,25.085172634197406,0.23172058222798925,0.3224136881865609,1.7669893743538865,0.8949684703027452,0.8917252012577168,0.5380269457660516,12.364178027982028,5.6818375144175315,34.30883711036617,1.5476565884790237,0.31015078335255675,0.5886923353027054,-0.6056469965553098,0.8853022232397434,0.9750647499203855,0.9954129052409983,2
7.284480232963284,0.3450559129901961,0.9192371532516455,0.9192371532516458,98.54980836768719,8.509843907989765,0.26263148488562094,0.3059091295604555,1.7638555403118377,0.8809134752859475,0.8768322990507587,0.5174173695213379,7.385402389931157,4.613405436010188,17.863855403397753,1.5046541876223878,0.3450559129901961,0.6377344513304902,-0.5693382846317039,0.8682278547436291,0.9716959784963319,0.994851078701849,2
7.898261906478279,0.3696790897731641,0.9261790213389729,0.9261790213389729,143.9393014877166,14.091670991017315,0.27288614955786233,0.30203943167458125,1.8824522226687228,0.8778569973587883,0.8731538608051462,0.5236258139898116,8.009530868911597,4.724142277008843,19.346446717525303,1.6094605633435015,0.3696790897731641,0.655187654104196,-0.5595556782976122,0.8762474113929043,0.9707086858272341,0.9944999849527333,2
10.004563479190695,0.4796587850826604,0.9268247629703072,0.926824762970307,265.44289975743436,20.851107161267002,0.33072730440215303,0.25152590021692267,2.173296794939807,0.8558458257383836,0.8491941300288512,0.48006656093810074,10.162151733069912,5.2790578743752405,24.489370778059236,1.8352361790315581,0.4796587850826606,0.7375037416174752,-0.5506752912423633,0.8984679413986004,0.9648126286779508,0.9929432347305046,2
9.018116634827951,0.35095200764129175,0.9205796024186049,0.9205796024186048,104.55514903913266,1.0714269009115134,0.2904075055267205,0.20437692840666935,2.0675294804503186,0.8641985882332917,0.8608290117842119,0.3909864895713187,9.111251733670645,5.285442918589004,20.684945431875654,1.792956127373088,0.35095200764129175,0.6641431916161795,-0.5486092285488059,0.8885387583976172,0.9683880929209919,0.9947034132338991,2
9.738606170102845,0.504269361543637,0.9154846807179642,0.9154846807179629,203.32453295251744,13.963919328323191,0.34770418829296423,0.2238299480443468,2.2324117260383898,0.8484856397879823,0.841504917305235,0.44387388564494423,9.908260848629432,5.294345143694732,23.069012003160132,1.8825376327627632,0.5042693615436371,0.75747239960738,-0.52423834623128,0.8909131929343601,0.9630085291009908,0.9925765512978665,2
10.477209186370626,0.26927937872452906,0.9624632893632773,0.9624632893632775,259.17281788862573,19.221564265652308,0.20756882869569396,0.33205012589499827,1.6652553577849543,0.9046532393390363,0.9022137777116158,0.5402445724000384,10.530185355392158,5.301033061202422,28.68391115915367,1.4791526650873648,0.269279378724529,0.5472742816658986,-0.6158913669626841,0.878897205542653,0.9775740634480993,0.9960025176261599,2
7.842214893310265,0.45678549115724726,0.9040852606022852,0.9040852606022857,143.87648609733628,13.833882216182797,0.32093182309688584,0.24695791664059114,2.114279230531827,0.859061982799656,0.8528786402981935,0.4706533995338331,7.996311832062789,4.770556636870435,17.92684515304417,1.7940767303033014,0.45678549115724726,0.7216222980150094,-0.5343162047688845,0.8856157313648585,0.9657698500267434,0.993257838158681,2
6.676573072856592,0.4072764681853134,0.908273115013743,0.9082731150137422,173.30590716048752,21.61834934574869,0.2840919958669743,0.3004308145860842,1.9953718349149576,0.8755552274065264,0.8700603727888767,0.5312603175461361,6.812992673153055,4.317617562956555,15.27869924560455,1.7086013138936895,0.4072764681853134,0.6731973332342056,-0.5486470250828894,0.8818329192617937,0.9697275526060671,0.9939952766139728,2
8.455088517637446,0.4387325187427912,0.9211483765457766,0.9211483765457762,201.25410686233133,18.7676656978545,0.3018116229334871,0.2964275228424737,1.9785332323708662,0.8686925473876234,0.862513824113289,0.5233227905132641,8.598839944372354,4.854974288735101,20.840469976047093,1.6687347842299267,0.43873251874279123,0.6973070699793175,-0.5567381836182778,0.8838194528669019,0.9679029117378763,0.9935417852287247,2
7.299530529123416,0.36313124759707804,0.9302890770707432,0.9302890770707436,223.31790474872747,27.726362864345173,0.2543789347846982,0.33756280051410414,1.8849990926551852,0.8883087877358868,0.8835033852929868,0.5672502012447136,7.41232874300149,4.41673923490965,17.840057402009464,1.6263256888653592,0.36313124759707804,0.6292938180403485,-0.5867251541943737,0.8889852803715826,0.9728765908738966,0.9946447255639141,2
9.187970477100155,0.3417624531430219,0.9443457495165891,0.9443457495165897,233.661770837951,21.4894483961367,0.25667594795271054,0.2895142136099535,1.9763529458830476,0.8843026632885589,0.8800964845605196,0.5149116475634371,9.280729283058198,5.015459919261822,22.806789726721995,1.7187933725601654,0.3417624531430219,0.6286957562677951,-0.5918249807135667,0.8994844478162121,0.972387006539346,0.9949048681705727,2
7.234961853613995,0.377061526816609,0.9223121162979512,0.9223121162979508,170.55911141653883,20.3939888594211,0.2728660250865052,0.31960282428098075,1.9092726125441888,0.8790403808531175,0.8738996191586162,0.549031577398116,7.353880550937439,4.470797229430987,17.37990090163506,1.6333634186777855,0.377061526816609,0.6555485464936386,-0.5691483190739373,0.8832662567164745,0.9707916536368364,0.9943982658441927,2
9.073669231785852,0.42722330353710103,0.9233933110188248,0.9233933110188254,171.4820441166408,12.56394711465473,0.3128917663879277,0.25462742109753644,2.067979760944561,0.8606339757359235,0.8548856940003576,0.4765398674788543,9.207859102606267,5.098618980680508,21.91955569446538,1.752942387886008,0.42722330353710114,0.708974229060977,-0.5480214163980519,0.8882204765272741,0.966454593866728,0.9936436579210426,2
6.917834081242792,0.2885244857747021,0.9275127081492206,0.9275127081492205,94.19968602617874,9.25888525004806,0.23443552359669362,0.29748559204732067,1.7985626300913045,0.8910162818701826,0.8881609210112447,0.5106832107843138,6.992705862829201,4.504234098663976,16.256026690157697,1.5743345425572366,0.288524485774702,0.5898731590882902,-0.5951800262728909,0.8840927436564254,0.9745330198504397,0.9956582651683444,2
8.867345672337564,0.5386068459246444,0.9166849735504496,0.9166849735504494,308.8872197739124,31.458417430892435,0.3379057033352557,0.3128283316934203,2.05433876755555,0.8589154732869455,0.8505897950378983,0.5471630953239139,9.06095703969777,4.859916558535179,22.319394613399034,1.7086985083491282,0.5386068459246444,0.7520493597951832,-0.543302612961178,0.8849166968555642,0.9645385107861589,0.9921725182145855,2
8.72861749387255,0.3678469368752402,0.9350855937561284,0.9350855937561289,197.2396294455874,17.93992766976723,0.2711479208717801,0.2898415171091071,1.9595343189623282,0.8786308969206554,0.8739683899626471,0.5151573313148788,8.836299604381427,4.9312991848087275,21.500562377660753,1.6853827738287595,0.3678469368752403,0.6525978672023296,-0.5774814487465566,0.8920224616680752,0.97089791330547,0.9945327486625574,2
7.588524410683393,0.4386282018935025,0.9048015074855258,0.9048015074855265,157.2887889291148,15.705973869839964,0.31982368560169167,0.24908224419915662,2.124050214289782,0.8577817245770857,0.8518475497562501,0.4738616757977701,7.734766760756079,4.692217055940023,17.122103060709488,1.8032251497895757,0.4386282018935025,0.7188216365658517,-0.5455894480680751,0.8920529984629249,0.9657305013689189,0.9934789724764427,2
7.569028228325645,0.3355108762254902,0.924612685235511,0.9246126852355111,103.90948937084376,8.46088202680128,0.2622734795511342,0.3011006312132264,1.7844771860307023,0.8800576370866973,0.8761574167151055,0.5118264910130719,7.663725104414467,4.695374960952519,18.59004399674248,1.5291602758871747,0.3355108762254902,0.6354798694263972,-0.5692726924790379,0.8705566578750694,0.971647116077299,0.9949677488678349,2
6.93065296400423,0.25707822712418305,0.9451166184112587,0.9451166184112583,152.20924624692816,19.489678639798274,0.2034802419742407,0.37102167951607967,1.6527242013010675,0.9062255395060392,0.9035668585579248,0.5906266520088428,6.991562387363033,4.34392517301038,17.446610266852158,1.4566044059655414,0.25707822712418305,0.5418693498904168,-0.620982610546998,0.8796236302640915,0.9779620523031531,0.9961478571928996,2
6.5487048851403316,0.31527351259131103,0.9256398098706728,0.9256398098706731,129.40087475145566,16.592775339435494,0.23881064374279126,0.34023473648073876,1.7798631883840186,0.8919919474581091,0.8881558454167954,0.564652642613418,6.63965925158743,4.283297950307574,15.685665860040563,1.5406343199984502,0.315273512591311,0.6028702023080439,-0.5940759465222634,0.8816798585668661,0.9742805978550104,0.9952961651921477,2
9.177390126393693,0.3383959895232603,0.9480198420834702,0.9480198420834699,256.8212631824246,25.237958999370203,0.24870431444636676,0.341975960134031,1.7878109563639648,0.8888648536620531,0.8845157880398854,0.5659002697279891,9.269701747637626,4.936352905132642,24.210089136450094,1.5408084142491747,0.3383959895232603,0.618366670590378,-0.5939443416622862,0.8822642718256813,0.9733187177612639,0.9949697618554258,2
5.6284637218858125,0.28349511005382544,0.9216938722693991,0.921693872269399,103.72510331092492,15.432345508225712,0.21736300341214917,0.37376787672686684,1.6690624527953861,0.9012240814830832,0.8978726720198547,0.5949355115820838,5.7082663481293245,3.9801004421376396,13.337873676875402,1.453891516412949,0.28349511005382544,0.5662581455910471,-0.592373904683501,0.868169801891716,0.9765550647139368,0.9957629320237904,2
9.61465612685025,0.2740892625432526,0.9521868195636479,0.9521868195636476,160.9724901088793,7.961511866918318,0.2219441140426759,0.28227977874151483,1.7950609365666748,0.8966933325924324,0.8941911783869457,0.48309371695982317,9.669944061666486,5.2480535731449445,24.558746968264483,1.591812859380028,0.2740892625432526,0.5679943566826182,-0.6085167940133868,0.8893297401615593,0.9758930337192125,0.99588558031789,2
